AREA,SUB AREA,AGE GROUP,SEASON,WEEK,THRESHOLD,BASELINE,PERCENT P&I,PERCENT PIC,NUM INFLUENZA DEATHS,NUM PNEUMONIA DEATHS,NUM COVID-19 DEATHS,TOTAL PIC,TOTAL DEATHS,PERCENT COMPLETE
National,,All,2021-22,40,5.7,5.4,14.2,20.5,20,"9,626","11,047","13,989","68,079",> 100%
National,,All,2021-22,41,5.8,5.5,13.1,19,10,"8,719","9,731","12,656","66,476",> 100%
National,,All,2021-22,42,5.9,5.6,12.4,17.8,15,"8,154","8,847","11,751","66,030",> 100%
National,,All,2021-22,43,6,5.7,11.7,16.6,14,"7,678","7,876","10,889","65,482",> 100%
National,,All,2021-22,44,6.1,5.8,11,15.6,5,"7,136","7,143","10,135","65,080",> 100%
National,,All,2021-22,45,6.2,5.9,10.8,15.3,25,"7,074","7,057","10,080","65,887",> 100%
National,,All,2021-22,46,6.3,6,11,15.7,16,"7,153","7,190","10,247","65,389",> 100%
National,,All,2021-22,47,6.4,6.1,11.2,16.3,17,"7,402","7,731","10,815","66,188",> 100%
National,,All,2021-22,48,6.5,6.2,11.9,17.3,35,"8,100","8,605","11,818","68,118",> 100%
National,,All,2021-22,49,6.6,6.3,12.6,18.4,53,"8,679","9,491","12,775","69,530",> 100%
National,,All,2021-22,50,6.7,6.4,13.2,19.2,55,"8,973","9,914","13,129","68,463",> 100%
National,,All,2021-22,51,6.8,6.5,13.2,19.4,79,"8,994","10,034","13,355","68,807",> 100%
National,,All,2021-22,52,6.9,6.6,13.7,20.7,140,"9,503","11,055","14,506","70,205",> 100%
National,,All,2021-22,1,7,6.7,15,23.6,157,"10,831","13,868","17,379","73,486",> 100%
National,,All,2021-22,2,7.1,6.8,15.9,26.7,109,"11,902","16,915","20,103","75,339",> 100%
National,,All,2021-22,3,7.1,6.8,16.6,28.8,104,"12,157","18,260","21,256","73,817",> 100%
National,,All,2021-22,4,7.2,6.9,16.3,28.4,66,"10,986","16,616","19,253","67,898",> 100%
National,,All,2021-22,5,7.2,6.9,15.9,26.8,47,"8,684","12,603","14,774","55,080",> 100%
National,,All,2021-22,6,7.2,6.9,13.7,23.1,38,"5,114","7,323","8,684","37,513",78.8%
National,,All,2021-22,7,7.2,6.9,12.1,20.4,12,"1,880","2,587","3,185","15,641",32.9%
National,,All,2020-21,40,5.6,5.3,8.1,11.8,8,"4,828","4,238","7,036","59,685",> 100%
National,,All,2020-21,41,5.7,5.4,8.4,12.4,12,"5,181","4,811","7,638","61,649",> 100%
National,,All,2020-21,42,5.8,5.5,8.7,13.2,16,"5,217","5,191","7,960","60,480",> 100%
National,,All,2020-21,43,5.9,5.6,9.1,14.3,15,"5,643","5,986","8,893","62,068",> 100%
National,,All,2020-21,44,6,5.7,9.7,15.7,21,"6,143","7,015","9,922","63,294",> 100%
National,,All,2020-21,45,6.1,5.8,10.5,17.4,21,"7,085","8,751","11,765","67,425",> 100%
National,,All,2020-21,46,6.2,5.9,11.8,19.9,20,"8,056","10,643","13,677","68,699",> 100%
National,,All,2020-21,47,6.3,6,13.2,23,30,"9,413","13,338","16,452","71,498",> 100%
National,,All,2020-21,48,6.4,6.1,14.3,25.4,27,"10,462","15,613","18,587","73,145",> 100%
National,,All,2020-21,49,6.5,6.2,15.7,28.1,35,"12,065","18,535","21,733","77,230",> 100%
National,,All,2020-21,50,6.6,6.3,16.2,29.5,29,"13,261","20,898","24,155","81,810",> 100%
National,,All,2020-21,51,6.7,6.4,17.3,30.9,32,"14,283","22,300","25,599","82,734",> 100%
National,,All,2020-21,52,6.8,6.5,17.7,31.7,32,"14,885","23,350","26,681","84,172",> 100%
National,,All,2020-21,53,6.9,6.6,18.5,32.6,44,"16,032","24,831","28,254","86,796",> 100%
National,,All,2020-21,1,7,6.7,19.4,33.8,32,"16,793","25,950","29,338","86,882",> 100%
National,,All,2020-21,2,7,6.7,19.4,33.3,35,"16,879","25,675","29,055","87,237",> 100%
National,,All,2020-21,3,7.1,6.8,18.9,32.2,31,"15,775","23,666","26,902","83,544",> 100%
National,,All,2020-21,4,7.1,6.8,17.5,29.6,34,"13,834","20,305","23,364","79,049",> 100%
National,,All,2020-21,5,7.2,6.9,16.1,26.4,28,"12,260","17,013","20,115","76,330",> 100%
National,,All,2020-21,6,7.2,6.9,14.3,23.1,24,"10,195","13,503","16,460","71,381",> 100%
National,,All,2020-21,7,7.2,6.9,12.9,20,15,"8,920","10,791","13,869","69,369",> 100%
National,,All,2020-21,8,7.2,6.9,11.3,17.4,18,"7,518","8,638","11,572","66,605",> 100%
National,,All,2020-21,9,7.2,6.9,10.4,15.2,26,"6,575","6,716","9,677","63,557",> 100%
National,,All,2020-21,10,7.1,6.8,9.4,13.7,13,"5,761","5,717","8,471","61,734",> 100%
National,,All,2020-21,11,7.1,6.8,8.8,12.7,6,"5,309","4,883","7,661","60,236",> 100%
National,,All,2020-21,12,7,6.7,8.4,11.9,17,"5,085","4,445","7,229","60,696",> 100%
National,,All,2020-21,13,7,6.7,8.1,11.7,18,"4,745","4,185","6,831","58,554",> 100%
National,,All,2020-21,14,6.9,6.6,8.1,11.6,12,"4,947","4,302","7,035","60,867",> 100%
National,,All,2020-21,15,6.8,6.5,8.4,11.9,8,"4,946","4,438","7,040","59,008",> 100%
National,,All,2020-21,16,6.7,6.4,8.5,12.1,15,"5,117","4,585","7,276","60,127",> 100%
National,,All,2020-21,17,6.6,6.3,8.2,11.4,6,"4,868","4,152","6,809","59,661",> 100%
National,,All,2020-21,18,6.5,6.2,8.1,11.3,9,"4,763","3,992","6,620","58,844",> 100%
National,,All,2020-21,19,6.4,6.1,7.8,10.6,10,"4,522","3,674","6,192","58,314",> 100%
National,,All,2020-21,20,6.3,6,7.4,9.9,9,"4,343","3,229","5,806","58,586",> 100%
National,,All,2020-21,21,6.2,5.9,7,9.2,4,"4,006","2,760","5,239","57,171",> 100%
National,,All,2020-21,22,6.1,5.8,6.8,8.6,8,"3,874","2,340","4,901","57,280",> 100%
National,,All,2020-21,23,6,5.7,6.6,8.2,6,"3,736","2,025","4,653","56,751",> 100%
National,,All,2020-21,24,5.9,5.6,6.5,7.9,11,"3,680","1,770","4,492","57,034",> 100%
National,,All,2020-21,25,5.8,5.5,6.1,7.5,8,"3,469","1,628","4,253","56,687",> 100%
National,,All,2020-21,26,5.7,5.4,5.9,7.1,7,"3,371","1,536","4,090","57,295",> 100%
National,,All,2020-21,27,5.7,5.4,6.2,7.5,3,"3,549","1,634","4,294","56,957",> 100%
National,,All,2020-21,28,5.6,5.3,6.7,8.3,8,"3,824","1,985","4,735","56,941",> 100%
National,,All,2020-21,29,5.5,5.2,7.3,9.3,9,"4,220","2,752","5,435","58,204",> 100%
National,,All,2020-21,30,5.5,5.2,8.5,11.4,11,"5,079","4,094","6,852","60,060",> 100%
National,,All,2020-21,31,5.5,5.2,10.3,14.6,12,"6,502","6,459","9,239","63,324",> 100%
National,,All,2020-21,32,5.4,5.1,12.7,18.4,11,"8,451","9,354","12,212","66,541",> 100%
National,,All,2020-21,33,5.4,5.1,14.6,21.6,12,"10,125","12,128","15,041","69,477",> 100%
National,,All,2020-21,34,5.4,5.1,16,23.8,16,"11,441","14,101","17,040","71,588",> 100%
National,,All,2020-21,35,5.5,5.2,16.9,25,31,"12,237","15,389","18,216","72,719",> 100%
National,,All,2020-21,36,5.5,5.2,16.8,25,15,"12,210","15,309","18,199","72,770",> 100%
National,,All,2020-21,37,5.5,5.2,16.7,25,17,"12,081","15,124","18,133","72,438",> 100%
National,,All,2020-21,38,5.6,5.3,16,24.1,17,"11,396","14,224","17,176","71,272",> 100%
National,,All,2020-21,39,5.7,5.3,15,22.2,18,"10,554","12,700","15,625","70,299",> 100%
National,,All,2019-20,40,5.7,5.3,5.2,5.2,17,"2,716",0,"2,733","52,564",> 100%
National,,All,2019-20,41,5.7,5.4,5.3,5.3,16,"2,784",0,"2,800","53,090",> 100%
National,,All,2019-20,42,5.8,5.5,5.5,5.5,18,"2,993",0,"3,011","54,338",> 100%
National,,All,2019-20,43,5.9,5.6,5.6,5.6,30,"2,997",0,"3,027","54,049",> 100%
National,,All,2019-20,44,6,5.7,5.5,5.5,31,"2,929",0,"2,960","54,087",> 100%
National,,All,2019-20,45,6.1,5.8,5.6,5.6,31,"3,084",0,"3,115","55,699",> 100%
National,,All,2019-20,46,6.2,5.9,5.6,5.6,39,"3,109",0,"3,148","55,886",> 100%
National,,All,2019-20,47,6.3,6,5.5,5.5,50,"3,015",0,"3,065","56,199",> 100%
National,,All,2019-20,48,6.4,6.1,5.5,5.5,66,"3,000",0,"3,066","55,465",> 100%
National,,All,2019-20,49,6.5,6.2,6,6,101,"3,332",0,"3,433","57,303",> 100%
National,,All,2019-20,50,6.6,6.3,6.2,6.2,111,"3,486",0,"3,597","57,658",> 100%
National,,All,2019-20,51,6.7,6.4,6.1,6.1,129,"3,395",0,"3,524","57,424",> 100%
National,,All,2019-20,52,6.8,6.5,6.4,6.4,203,"3,540",0,"3,743","58,458",> 100%
National,,All,2019-20,1,6.9,6.6,7.6,7.6,432,"4,102",0,"4,534","60,031",> 100%
National,,All,2019-20,2,7,6.6,7.6,7.6,472,"4,137",1,"4,609","60,586",> 100%
National,,All,2019-20,3,7,6.7,7.6,7.6,465,"4,057",2,"4,522","59,214",> 100%
National,,All,2019-20,4,7.1,6.8,7.5,7.5,498,"3,905",2,"4,405","59,016",> 100%
National,,All,2019-20,5,7.1,6.8,7.3,7.3,480,"3,810",0,"4,290","58,693",> 100%
National,,All,2019-20,6,7.1,6.8,7.3,7.3,519,"3,816",4,"4,338","59,351",> 100%
National,,All,2019-20,7,7.2,6.8,7.5,7.5,560,"3,836",5,"4,399","58,692",> 100%
National,,All,2019-20,8,7.2,6.8,7.3,7.3,565,"3,711",6,"4,279","58,765",> 100%
National,,All,2019-20,9,7.1,6.8,7.6,7.6,654,"3,837",9,"4,495","59,199",> 100%
National,,All,2019-20,10,7.1,6.8,7.7,7.8,634,"3,976",38,"4,628","59,568",> 100%
National,,All,2019-20,11,7.1,6.8,7.8,7.9,625,"3,971",60,"4,625","58,548",> 100%
National,,All,2019-20,12,7,6.7,8.6,9.2,558,"4,542",586,"5,421","59,093",> 100%
National,,All,2019-20,13,7,6.7,10.5,13.2,445,"6,162","3,202","8,310","62,860",> 100%
National,,All,2019-20,14,6.9,6.6,14.4,21.5,476,"9,902","10,106","15,476","72,132",> 100%
National,,All,2019-20,15,6.9,6.5,15.8,26.8,473,"11,980","16,284","21,159","78,928",> 100%
National,,All,2019-20,16,6.8,6.5,15.2,27.8,263,"11,400","17,184","21,328","76,682",> 100%
National,,All,2019-20,17,6.7,6.4,14.2,26.2,143,"10,368","15,522","19,323","73,767",> 100%
National,,All,2019-20,18,6.6,6.3,13,24.1,66,"8,927","13,194","16,652","69,172",> 100%
National,,All,2019-20,19,6.5,6.2,11.8,21.5,48,"7,822","11,217","14,363","66,698",> 100%
National,,All,2019-20,20,6.4,6.1,10.6,19,22,"6,779","9,227","12,225","64,388",> 100%
National,,All,2019-20,21,6.3,6,9.6,16.5,24,"5,893","7,227","10,159","61,509",> 100%
National,,All,2019-20,22,6.2,5.9,8.9,15,12,"5,264","6,156","8,951","59,568",> 100%
National,,All,2019-20,23,6.1,5.8,8.3,13.3,11,"4,893","5,044","7,796","58,789",> 100%
National,,All,2019-20,24,6,5.7,7.9,11.9,11,"4,536","4,226","6,908","57,901",> 100%
National,,All,2019-20,25,5.9,5.6,7.5,11.4,8,"4,362","3,843","6,609","57,893",> 100%
National,,All,2019-20,26,5.8,5.5,7.3,11.2,12,"4,270","3,833","6,549","58,386",> 100%
National,,All,2019-20,27,5.7,5.4,7.6,11.9,4,"4,558","4,535","7,093","59,690",> 100%
National,,All,2019-20,28,5.6,5.3,9,13.9,10,"5,535","5,769","8,599","61,787",> 100%
National,,All,2019-20,29,5.6,5.2,9.8,15.7,13,"6,181","7,165","9,913","62,979",> 100%
National,,All,2019-20,30,5.5,5.2,10.6,17.2,11,"6,763","8,226","11,032","64,112",> 100%
National,,All,2019-20,31,5.5,5.1,10.7,17.2,13,"6,840","8,283","11,056","64,109",> 100%
National,,All,2019-20,32,5.4,5.1,10.7,16.8,10,"6,803","7,848","10,687","63,559",> 100%
National,,All,2019-20,33,5.4,5.1,10.3,15.9,5,"6,507","7,241","10,077","63,496",> 100%
National,,All,2019-20,34,5.4,5.1,9.6,14.6,12,"5,966","6,374","9,133","62,423",> 100%
National,,All,2019-20,35,5.4,5.1,9.1,13.8,12,"5,541","5,737","8,402","60,964",> 100%
National,,All,2019-20,36,5.4,5.1,8.7,12.8,9,"5,204","5,008","7,717","60,110",> 100%
National,,All,2019-20,37,5.5,5.2,8.3,12.2,7,"4,941","4,617","7,271","59,529",> 100%
National,,All,2019-20,38,5.5,5.2,8,11.7,5,"4,770","4,272","6,999","59,619",> 100%
National,,All,2019-20,39,5.6,5.3,8.2,11.8,4,"4,932","4,292","7,113","60,486",> 100%
National,,All,2018-19,40,5.8,5.5,5.7,5.7,10,"2,969",0,"2,979","52,357",> 100%
National,,All,2018-19,41,5.9,5.6,5.6,5.6,12,"2,866",0,"2,878","51,849",> 100%
National,,All,2018-19,42,6,5.6,5.7,5.7,18,"2,989",0,"3,007","52,979",> 100%
National,,All,2018-19,43,6.1,5.7,5.7,5.7,24,"3,065",0,"3,089","53,763",> 100%
National,,All,2018-19,44,6.2,5.8,5.6,5.6,25,"3,003",0,"3,028","53,638",> 100%
National,,All,2018-19,45,6.3,5.9,5.7,5.7,30,"3,022",0,"3,052","53,561",> 100%
National,,All,2018-19,46,6.4,6,5.8,5.8,26,"3,143",0,"3,169","54,698",> 100%
National,,All,2018-19,47,6.5,6.2,5.9,5.9,31,"3,178",0,"3,209","54,847",> 100%
National,,All,2018-19,48,6.6,6.3,6,6,38,"3,287",0,"3,325","55,060",> 100%
National,,All,2018-19,49,6.7,6.4,6.2,6.2,56,"3,399",0,"3,455","55,967",> 100%
National,,All,2018-19,50,6.8,6.5,6.4,6.4,51,"3,552",0,"3,603","56,387",> 100%
National,,All,2018-19,51,6.9,6.6,6.3,6.3,88,"3,490",0,"3,578","56,528",> 100%
National,,All,2018-19,52,7,6.7,6.7,6.7,141,"3,636",0,"3,777","56,026",> 100%
National,,All,2018-19,1,7,6.7,7.1,7.1,211,"3,919",0,"4,130","58,299",> 100%
National,,All,2018-19,2,7.1,6.8,7.4,7.4,259,"4,055",0,"4,314","58,362",> 100%
National,,All,2018-19,3,7.2,6.9,7.5,7.5,246,"4,099",0,"4,345","58,220",> 100%
National,,All,2018-19,4,7.2,6.9,7.2,7.2,276,"3,899",0,"4,175","57,908",> 100%
National,,All,2018-19,5,7.3,7,7.3,7.3,327,"3,893",0,"4,220","58,152",> 100%
National,,All,2018-19,6,7.3,7,7.3,7.3,367,"3,891",0,"4,258","58,523",> 100%
National,,All,2018-19,7,7.3,7,7.5,7.5,483,"3,896",0,"4,379","58,000",> 100%
National,,All,2018-19,8,7.3,7,7.7,7.7,474,"3,988",0,"4,462","58,005",> 100%
National,,All,2018-19,9,7.3,7,7.4,7.4,516,"3,759",0,"4,275","57,972",> 100%
National,,All,2018-19,10,7.3,7,7.3,7.3,543,"3,753",0,"4,296","58,546",> 100%
National,,All,2018-19,11,7.2,6.9,7.8,7.8,511,"3,979",0,"4,490","57,917",> 100%
National,,All,2018-19,12,7.2,6.9,7.5,7.5,480,"3,798",0,"4,278","57,094",> 100%
National,,All,2018-19,13,7.1,6.8,7.4,7.4,459,"3,714",0,"4,173","56,675",> 100%
National,,All,2018-19,14,7,6.7,7,7,339,"3,635",0,"3,974","56,598",> 100%
National,,All,2018-19,15,7,6.6,6.8,6.8,303,"3,451",0,"3,754","55,491",> 100%
National,,All,2018-19,16,6.9,6.6,6.6,6.6,202,"3,414",0,"3,616","54,468",> 100%
National,,All,2018-19,17,6.8,6.5,6.4,6.4,156,"3,274",0,"3,430","53,656",> 100%
National,,All,2018-19,18,6.7,6.4,6.2,6.2,97,"3,224",0,"3,321","53,987",> 100%
National,,All,2018-19,19,6.6,6.2,6.2,6.2,68,"3,230",0,"3,298","53,478",> 100%
National,,All,2018-19,20,6.5,6.1,6,6,50,"3,159",0,"3,209","53,578",> 100%
National,,All,2018-19,21,6.3,6,5.9,5.9,30,"3,150",0,"3,180","53,695",> 100%
National,,All,2018-19,22,6.2,5.9,6,6,29,"3,119",0,"3,148","52,727",> 100%
National,,All,2018-19,23,6.1,5.8,5.8,5.8,21,"3,048",0,"3,069","53,141",> 100%
National,,All,2018-19,24,6,5.7,5.6,5.6,16,"2,936",0,"2,952","52,646",> 100%
National,,All,2018-19,25,5.9,5.6,5.7,5.7,13,"2,954",0,"2,967","52,290",> 100%
National,,All,2018-19,26,5.8,5.5,5.6,5.6,15,"2,900",0,"2,915","52,209",> 100%
National,,All,2018-19,27,5.7,5.4,5.5,5.5,13,"2,864",0,"2,877","52,344",> 100%
National,,All,2018-19,28,5.7,5.3,5.4,5.4,11,"2,771",0,"2,782","51,931",> 100%
National,,All,2018-19,29,5.6,5.3,5.2,5.2,5,"2,681",0,"2,686","51,649",> 100%
National,,All,2018-19,30,5.5,5.2,5.4,5.4,8,"2,763",0,"2,771","51,662",> 100%
National,,All,2018-19,31,5.5,5.2,5.3,5.3,6,"2,737",0,"2,743","51,410",> 100%
National,,All,2018-19,32,5.5,5.1,5.1,5.1,7,"2,647",0,"2,654","51,747",> 100%
National,,All,2018-19,33,5.4,5.1,5.1,5.1,8,"2,606",0,"2,614","51,023",> 100%
National,,All,2018-19,34,5.4,5.1,5.1,5.1,6,"2,602",0,"2,608","51,022",> 100%
National,,All,2018-19,35,5.4,5.1,5.1,5.1,13,"2,618",0,"2,631","51,162",> 100%
National,,All,2018-19,36,5.5,5.2,5,5,12,"2,585",0,"2,597","51,836",> 100%
National,,All,2018-19,37,5.5,5.2,4.9,4.9,16,"2,515",0,"2,531","51,633",> 100%
National,,All,2018-19,38,5.5,5.2,5.3,5.3,14,"2,711",0,"2,725","51,757",> 100%
National,,All,2018-19,39,5.6,5.3,5.3,5.3,16,"2,782",0,"2,798","52,757",> 100%
National,,All,2017-18,40,6,5.7,5.8,5.8,16,"3,022",0,"3,038","52,107",> 100%
National,,All,2017-18,41,6.1,5.8,5.9,5.9,18,"3,001",0,"3,019","51,576",> 100%
National,,All,2017-18,42,6.2,5.9,6.1,6.1,28,"3,156",0,"3,184","52,221",> 100%
National,,All,2017-18,43,6.3,6,6.3,6.3,23,"3,279",0,"3,302","52,542",> 100%
National,,All,2017-18,44,6.4,6.1,6.1,6.1,36,"3,215",0,"3,251","53,667",> 100%
National,,All,2017-18,45,6.5,6.2,6.1,6.1,45,"3,180",0,"3,225","53,240",> 100%
National,,All,2017-18,46,6.6,6.3,6.3,6.3,50,"3,315",0,"3,365","53,766",> 100%
National,,All,2017-18,47,6.7,6.4,6,6,48,"3,202",0,"3,250","54,120",> 100%
National,,All,2017-18,48,6.8,6.5,6.5,6.5,83,"3,493",0,"3,576","54,758",> 100%
National,,All,2017-18,49,6.9,6.6,6.6,6.6,118,"3,528",0,"3,646","55,595",> 100%
National,,All,2017-18,50,7,6.7,6.8,6.8,165,"3,759",0,"3,924","57,370",> 100%
National,,All,2017-18,51,7.1,6.8,7.3,7.3,359,"3,987",0,"4,346","59,505",> 100%
National,,All,2017-18,52,7.2,6.9,8.3,8.3,671,"4,418",0,"5,089","61,090",> 100%
National,,All,2017-18,1,7.3,7,9.6,9.6,"1,165","5,156",0,"6,321","66,134",> 100%
National,,All,2017-18,2,7.4,7.1,10.5,10.5,"1,536","5,583",0,"7,119","67,495",> 100%
National,,All,2017-18,3,7.4,7.1,10.9,10.9,"1,626","5,412",0,"7,038","64,647",> 100%
National,,All,2017-18,4,7.5,7.2,10.6,10.6,"1,448","5,187",0,"6,635","62,780",> 100%
National,,All,2017-18,5,7.5,7.2,10.2,10.2,"1,360","4,877",0,"6,237","60,974",> 100%
National,,All,2017-18,6,7.5,7.2,9.7,9.7,"1,243","4,689",0,"5,932","61,110",> 100%
National,,All,2017-18,7,7.6,7.2,9.7,9.7,"1,179","4,599",0,"5,778","59,779",> 100%
National,,All,2017-18,8,7.5,7.2,9.2,9.2,892,"4,426",0,"5,318","57,793",> 100%
National,,All,2017-18,9,7.5,7.2,8.4,8.4,738,"4,044",0,"4,782","56,692",> 100%
National,,All,2017-18,10,7.5,7.2,8,8,507,"4,061",0,"4,568","57,093",> 100%
National,,All,2017-18,11,7.5,7.1,7.6,7.6,444,"3,853",0,"4,297","56,326",> 100%
National,,All,2017-18,12,7.4,7.1,7.4,7.4,345,"3,793",0,"4,138","55,766",> 100%
National,,All,2017-18,13,7.3,7,7.4,7.4,284,"3,779",0,"4,063","54,918",> 100%
National,,All,2017-18,14,7.2,6.9,7.2,7.2,300,"3,698",0,"3,998","55,294",> 100%
National,,All,2017-18,15,7.2,6.8,6.9,6.9,214,"3,590",0,"3,804","55,228",> 100%
National,,All,2017-18,16,7.1,6.7,6.6,6.6,153,"3,430",0,"3,583","54,038",> 100%
National,,All,2017-18,17,7,6.6,6.5,6.5,119,"3,394",0,"3,513","53,727",> 100%
National,,All,2017-18,18,6.8,6.5,6.1,6.1,106,"3,198",0,"3,304","53,741",> 100%
National,,All,2017-18,19,6.7,6.4,5.9,5.9,53,"3,032",0,"3,085","52,105",> 100%
National,,All,2017-18,20,6.6,6.3,5.9,5.9,43,"2,955",0,"2,998","50,618",> 100%
National,,All,2017-18,21,6.5,6.2,5.8,5.8,26,"2,951",0,"2,977","50,929",> 100%
National,,All,2017-18,22,6.4,6.1,5.7,5.7,26,"2,905",0,"2,931","51,045",> 100%
National,,All,2017-18,23,6.3,5.9,5.6,5.6,14,"2,908",0,"2,922","52,001",> 100%
National,,All,2017-18,24,6.2,5.8,5.7,5.7,14,"2,935",0,"2,949","51,387",> 100%
National,,All,2017-18,25,6.1,5.7,5.6,5.6,7,"2,865",0,"2,872","51,044",> 100%
National,,All,2017-18,26,6,5.6,5.7,5.7,9,"2,868",0,"2,877","50,855",> 100%
National,,All,2017-18,27,5.9,5.5,5.4,5.4,10,"2,769",0,"2,779","51,684",> 100%
National,,All,2017-18,28,5.8,5.5,5.4,5.4,5,"2,781",0,"2,786","51,191",> 100%
National,,All,2017-18,29,5.7,5.4,5.4,5.4,8,"2,706",0,"2,714","50,609",> 100%
National,,All,2017-18,30,5.7,5.3,5.4,5.4,12,"2,700",0,"2,712","50,274",> 100%
National,,All,2017-18,31,5.6,5.3,5.3,5.3,4,"2,661",0,"2,665","50,637",> 100%
National,,All,2017-18,32,5.6,5.3,5.3,5.3,10,"2,673",0,"2,683","50,967",> 100%
National,,All,2017-18,33,5.6,5.2,5.2,5.2,5,"2,617",0,"2,622","50,301",> 100%
National,,All,2017-18,34,5.6,5.2,5.4,5.4,10,"2,713",0,"2,723","50,459",> 100%
National,,All,2017-18,35,5.6,5.2,5.2,5.2,6,"2,630",0,"2,636","50,611",> 100%
National,,All,2017-18,36,5.6,5.3,5.5,5.5,6,"2,749",0,"2,755","50,299",> 100%
National,,All,2017-18,37,5.6,5.3,5.4,5.4,8,"2,761",0,"2,769","51,083",> 100%
National,,All,2017-18,38,5.7,5.4,5.5,5.5,11,"2,819",0,"2,830","51,583",> 100%
National,,All,2017-18,39,5.7,5.4,5.5,5.5,14,"2,814",0,"2,828","50,959",> 100%
National,,All,2016-17,40,6.2,5.9,5.9,5.9,18,"3,024",0,"3,042","51,400",> 100%
National,,All,2016-17,41,6.3,6,6.1,6.1,11,"3,193",0,"3,204","52,124",> 100%
National,,All,2016-17,42,6.4,6.1,6.2,6.2,7,"3,178",0,"3,185","51,436",> 100%
National,,All,2016-17,43,6.5,6.2,6.1,6.1,17,"3,130",0,"3,147","51,864",> 100%
National,,All,2016-17,44,6.6,6.3,6,6,16,"3,100",0,"3,116","51,741",> 100%
National,,All,2016-17,45,6.7,6.4,6.1,6.1,19,"3,207",0,"3,226","52,524",> 100%
National,,All,2016-17,46,6.9,6.5,6,6,7,"3,192",0,"3,199","53,442",> 100%
National,,All,2016-17,47,7,6.6,6.2,6.2,22,"3,255",0,"3,277","53,128",> 100%
National,,All,2016-17,48,7.1,6.7,6.5,6.5,34,"3,510",0,"3,544","54,496",> 100%
National,,All,2016-17,49,7.2,6.8,6.6,6.6,33,"3,616",0,"3,649","55,133",> 100%
National,,All,2016-17,50,7.3,7,6.8,6.8,46,"3,778",0,"3,824","55,977",> 100%
National,,All,2016-17,51,7.4,7.1,6.8,6.8,92,"3,737",0,"3,829","56,696",> 100%
National,,All,2016-17,52,7.5,7.1,7.4,7.4,157,"4,105",0,"4,262","57,613",> 100%
National,,All,2016-17,1,7.6,7.2,8.1,8.1,289,"4,558",0,"4,847","59,763",> 100%
National,,All,2016-17,2,7.6,7.3,8,8,368,"4,505",0,"4,873","60,979",> 100%
National,,All,2016-17,3,7.7,7.4,8.4,8.4,373,"4,621",0,"4,994","59,293",> 100%
National,,All,2016-17,4,7.8,7.4,8.3,8.3,367,"4,427",0,"4,794","58,047",> 100%
National,,All,2016-17,5,7.8,7.5,8.2,8.2,351,"4,452",0,"4,803","58,430",> 100%
National,,All,2016-17,6,7.8,7.5,8.2,8.2,419,"4,447",0,"4,866","59,037",> 100%
National,,All,2016-17,7,7.8,7.5,8.5,8.5,545,"4,419",0,"4,964","58,478",> 100%
National,,All,2016-17,8,7.8,7.5,8.5,8.5,605,"4,369",0,"4,974","58,287",> 100%
National,,All,2016-17,9,7.8,7.5,8.4,8.4,534,"4,260",0,"4,794","57,255",> 100%
National,,All,2016-17,10,7.8,7.4,8.2,8.2,472,"4,223",0,"4,695","57,475",> 100%
National,,All,2016-17,11,7.7,7.4,7.9,7.9,376,"4,100",0,"4,476","56,656",> 100%
National,,All,2016-17,12,7.7,7.3,7.7,7.7,319,"4,091",0,"4,410","57,045",> 100%
National,,All,2016-17,13,7.6,7.2,7.6,7.6,333,"3,887",0,"4,220","55,701",> 100%
National,,All,2016-17,14,7.5,7.2,7.4,7.4,266,"3,821",0,"4,087","55,160",> 100%
National,,All,2016-17,15,7.4,7.1,7.3,7.3,208,"3,776",0,"3,984","54,861",> 100%
National,,All,2016-17,16,7.3,7,6.9,6.9,162,"3,489",0,"3,651","53,069",> 100%
National,,All,2016-17,17,7.2,6.9,6.7,6.7,90,"3,458",0,"3,548","53,295",> 100%
National,,All,2016-17,18,7.1,6.7,6.4,6.4,63,"3,308",0,"3,371","52,656",> 100%
National,,All,2016-17,19,7,6.6,6.3,6.3,50,"3,216",0,"3,266","51,985",> 100%
National,,All,2016-17,20,6.8,6.5,6.2,6.2,53,"3,201",0,"3,254","52,480",> 100%
National,,All,2016-17,21,6.7,6.4,6.1,6.1,24,"3,091",0,"3,115","50,970",> 100%
National,,All,2016-17,22,6.6,6.3,5.9,5.9,23,"3,019",0,"3,042","51,256",> 100%
National,,All,2016-17,23,6.5,6.1,6.1,6.1,17,"3,127",0,"3,144","51,417",> 100%
National,,All,2016-17,24,6.4,6,6.1,6.1,19,"3,069",0,"3,088","50,796",> 100%
National,,All,2016-17,25,6.3,5.9,5.9,5.9,15,"2,982",0,"2,997","51,193",> 100%
National,,All,2016-17,26,6.2,5.8,5.9,5.9,10,"2,954",0,"2,964","50,616",> 100%
National,,All,2016-17,27,6.1,5.7,5.6,5.6,18,"2,824",0,"2,842","50,958",> 100%
National,,All,2016-17,28,6,5.7,6.1,6.1,4,"3,047",0,"3,051","49,971",> 100%
National,,All,2016-17,29,5.9,5.6,5.5,5.5,10,"2,755",0,"2,765","50,125",> 100%
National,,All,2016-17,30,5.9,5.5,5.8,5.8,3,"2,853",0,"2,856","49,361",> 100%
National,,All,2016-17,31,5.8,5.5,5.4,5.4,4,"2,695",0,"2,699","50,085",> 100%
National,,All,2016-17,32,5.8,5.4,5.4,5.4,6,"2,722",0,"2,728","50,234",> 100%
National,,All,2016-17,33,5.8,5.4,5.4,5.4,11,"2,689",0,"2,700","50,185",> 100%
National,,All,2016-17,34,5.8,5.4,5.6,5.6,7,"2,756",0,"2,763","49,516",> 100%
National,,All,2016-17,35,5.8,5.4,5.4,5.4,7,"2,716",0,"2,723","50,830",> 100%
National,,All,2016-17,36,5.8,5.5,5.6,5.6,12,"2,825",0,"2,837","50,977",> 100%
National,,All,2016-17,37,5.8,5.5,5.9,5.9,7,"3,021",0,"3,028","51,692",> 100%
National,,All,2016-17,38,5.9,5.6,5.8,5.8,16,"2,935",0,"2,951","51,229",> 100%
National,,All,2016-17,39,5.9,5.6,5.7,5.7,19,"2,888",0,"2,907","51,341",> 100%
National,,All,2015-16,40,6.5,6.1,6.3,6.3,14,"3,197",0,"3,211","50,950",> 100%
National,,All,2015-16,41,6.6,6.2,6.3,6.3,7,"3,131",0,"3,138","49,830",> 100%
National,,All,2015-16,42,6.7,6.3,6.4,6.4,16,"3,214",0,"3,230","50,667",> 100%
National,,All,2015-16,43,6.8,6.4,6.3,6.3,17,"3,163",0,"3,180","50,384",> 100%
National,,All,2015-16,44,6.9,6.5,6.6,6.6,20,"3,353",0,"3,373","51,158",> 100%
National,,All,2015-16,45,7,6.7,6.4,6.4,14,"3,225",0,"3,239","50,668",> 100%
National,,All,2015-16,46,7.1,6.8,6.5,6.5,13,"3,336",0,"3,349","51,387",> 100%
National,,All,2015-16,47,7.3,6.9,6.5,6.5,14,"3,324",0,"3,338","51,196",> 100%
National,,All,2015-16,48,7.4,7,6.7,6.7,22,"3,457",0,"3,479","51,996",> 100%
National,,All,2015-16,49,7.5,7.1,6.6,6.6,20,"3,528",0,"3,548","53,556",> 100%
National,,All,2015-16,50,7.6,7.2,6.7,6.7,26,"3,452",0,"3,478","51,842",> 100%
National,,All,2015-16,51,7.7,7.3,6.7,6.7,15,"3,510",0,"3,525","52,761",> 100%
National,,All,2015-16,52,7.8,7.4,7.5,7.5,31,"3,917",0,"3,948","52,490",> 100%
National,,All,2015-16,1,7.9,7.5,7.7,7.7,32,"4,241",0,"4,273","55,788",> 100%
National,,All,2015-16,2,7.9,7.6,7.8,7.8,30,"4,278",0,"4,308","55,525",> 100%
National,,All,2015-16,3,8,7.7,7.4,7.4,36,"4,043",0,"4,079","55,182",> 100%
National,,All,2015-16,4,8.1,7.7,7.5,7.5,50,"4,110",0,"4,160","55,606",> 100%
National,,All,2015-16,5,8.1,7.7,7.5,7.5,61,"4,064",0,"4,125","54,896",> 100%
National,,All,2015-16,6,8.1,7.8,7.3,7.3,93,"3,935",0,"4,028","55,106",> 100%
National,,All,2015-16,7,8.1,7.8,7.5,7.5,148,"4,011",0,"4,159","55,785",> 100%
National,,All,2015-16,8,8.1,7.7,8,8,187,"4,197",0,"4,384","54,873",> 100%
National,,All,2015-16,9,8.1,7.7,8.1,8.1,257,"4,243",0,"4,500","55,875",> 100%
National,,All,2015-16,10,8,7.7,8.1,8.1,294,"4,277",0,"4,571","56,112",> 100%
National,,All,2015-16,11,8,7.6,8.3,8.3,351,"4,143",0,"4,494","54,462",> 100%
National,,All,2015-16,12,7.9,7.6,8.2,8.2,295,"4,176",0,"4,471","54,662",> 100%
National,,All,2015-16,13,7.8,7.5,7.7,7.7,282,"3,893",0,"4,175","53,880",> 100%
National,,All,2015-16,14,7.7,7.4,7.8,7.8,250,"3,945",0,"4,195","54,066",> 100%
National,,All,2015-16,15,7.6,7.3,7.6,7.6,196,"3,891",0,"4,087","53,490",> 100%
National,,All,2015-16,16,7.5,7.2,7.2,7.2,148,"3,684",0,"3,832","53,149",> 100%
National,,All,2015-16,17,7.4,7.1,6.9,6.9,127,"3,398",0,"3,525","51,027",> 100%
National,,All,2015-16,18,7.3,6.9,6.8,6.8,91,"3,403",0,"3,494","51,270",> 100%
National,,All,2015-16,19,7.2,6.8,6.5,6.5,74,"3,240",0,"3,314","51,000",> 100%
National,,All,2015-16,20,7,6.7,6.6,6.6,34,"3,290",0,"3,324","50,469",> 100%
National,,All,2015-16,21,6.9,6.6,6.4,6.4,30,"3,199",0,"3,229","50,490",> 100%
National,,All,2015-16,22,6.8,6.4,6.1,6.1,17,"3,025",0,"3,042","49,711",> 100%
National,,All,2015-16,23,6.7,6.3,6.4,6.4,17,"3,175",0,"3,192","49,917",> 100%
National,,All,2015-16,24,6.5,6.2,5.9,5.9,18,"2,920",0,"2,938","49,910",> 100%
National,,All,2015-16,25,6.4,6.1,5.8,5.8,12,"2,876",0,"2,888","49,623",> 100%
National,,All,2015-16,26,6.3,6,5.9,5.9,10,"2,914",0,"2,924","49,746",> 100%
National,,All,2015-16,27,6.2,5.9,5.9,5.9,10,"2,914",0,"2,924","49,698",> 100%
National,,All,2015-16,28,6.2,5.8,5.9,5.9,6,"2,926",0,"2,932","49,637",> 100%
National,,All,2015-16,29,6.1,5.7,5.6,5.6,5,"2,767",0,"2,772","49,275",> 100%
National,,All,2015-16,30,6,5.7,5.7,5.7,5,"2,804",0,"2,809","49,698",> 100%
National,,All,2015-16,31,6,5.6,5.8,5.8,2,"2,846",0,"2,848","49,505",> 100%
National,,All,2015-16,32,6,5.6,5.7,5.7,2,"2,827",0,"2,829","49,740",> 100%
National,,All,2015-16,33,5.9,5.6,5.8,5.8,5,"2,867",0,"2,872","49,809",> 100%
National,,All,2015-16,34,5.9,5.6,5.7,5.7,6,"2,827",0,"2,833","49,509",> 100%
National,,All,2015-16,35,6,5.6,5.8,5.8,5,"2,869",0,"2,874","49,576",> 100%
National,,All,2015-16,36,6,5.6,5.8,5.8,5,"2,881",0,"2,886","50,075",> 100%
National,,All,2015-16,37,6,5.7,6.2,6.2,8,"3,093",0,"3,101","49,915",> 100%
National,,All,2015-16,38,6.1,5.7,6.1,6.1,9,"3,017",0,"3,026","49,876",> 100%
National,,All,2015-16,39,6.1,5.8,6,6,11,"2,986",0,"2,997","50,254",> 100%
National,,All,2014-15,40,6.7,6.2,6.4,6.4,6,"3,068",0,"3,074","48,313",> 100%
National,,All,2014-15,41,6.8,6.3,6.4,6.4,8,"3,139",0,"3,147","49,305",> 100%
National,,All,2014-15,42,6.9,6.4,6.3,6.3,13,"3,082",0,"3,095","49,195",> 100%
National,,All,2014-15,43,7,6.6,6.5,6.5,11,"3,196",0,"3,207","49,009",> 100%
National,,All,2014-15,44,7.1,6.7,6.5,6.5,17,"3,148",0,"3,165","48,865",> 100%
National,,All,2014-15,45,7.2,6.8,6.3,6.3,11,"3,195",0,"3,206","50,845",> 100%
National,,All,2014-15,46,7.4,6.9,6.5,6.5,18,"3,233",0,"3,251","50,352",> 100%
National,,All,2014-15,47,7.5,7.1,6.5,6.5,31,"3,379",0,"3,410","52,449",> 100%
National,,All,2014-15,48,7.6,7.2,6.7,6.7,46,"3,412",0,"3,458","51,753",> 100%
National,,All,2014-15,49,7.8,7.3,7,7,83,"3,619",0,"3,702","52,714",> 100%
National,,All,2014-15,50,7.9,7.5,7.4,7.4,169,"3,785",0,"3,954","53,541",> 100%
National,,All,2014-15,51,8,7.6,8.1,8.1,312,"4,098",0,"4,410","54,611",> 100%
National,,All,2014-15,52,8.1,7.7,8.5,8.5,512,"4,264",0,"4,776","56,014",> 100%
National,,All,2014-15,53,8.2,7.8,10.2,10.2,"1,014","5,034",0,"6,048","59,340",> 100%
National,,All,2014-15,1,8.3,7.9,10.8,10.8,"1,099","5,576",0,"6,675","61,737",> 100%
National,,All,2014-15,2,8.4,8,10.7,10.7,981,"5,589",0,"6,570","61,141",> 100%
National,,All,2014-15,3,8.5,8.1,10.1,10.1,710,"5,183",0,"5,893","58,628",> 100%
National,,All,2014-15,4,8.5,8.1,9.5,9.5,585,"4,856",0,"5,441","57,269",> 100%
National,,All,2014-15,5,8.5,8.1,9.1,9.1,482,"4,733",0,"5,215","57,284",> 100%
National,,All,2014-15,6,8.6,8.2,8.8,8.8,405,"4,569",0,"4,974","56,420",> 100%
National,,All,2014-15,7,8.6,8.2,8.4,8.4,282,"4,478",0,"4,760","56,348",> 100%
National,,All,2014-15,8,8.6,8.1,8.5,8.5,221,"4,498",0,"4,719","55,668",> 100%
National,,All,2014-15,9,8.5,8.1,8.4,8.4,189,"4,494",0,"4,683","55,732",> 100%
National,,All,2014-15,10,8.5,8.1,8.3,8.3,156,"4,418",0,"4,574","55,272",> 100%
National,,All,2014-15,11,8.4,8,8,8,139,"4,179",0,"4,318","54,262",> 100%
National,,All,2014-15,12,8.3,7.9,7.5,7.5,121,"3,887",0,"4,008","53,238",> 100%
National,,All,2014-15,13,8.2,7.8,7.4,7.4,99,"3,825",0,"3,924","53,009",> 100%
National,,All,2014-15,14,8.1,7.7,7.5,7.5,100,"3,827",0,"3,927","52,696",> 100%
National,,All,2014-15,15,8,7.6,7.6,7.6,75,"3,920",0,"3,995","52,844",> 100%
National,,All,2014-15,16,7.9,7.5,7.5,7.5,63,"3,805",0,"3,868","51,608",> 100%
National,,All,2014-15,17,7.8,7.4,7.2,7.2,50,"3,652",0,"3,702","51,466",> 100%
National,,All,2014-15,18,7.6,7.2,6.9,6.9,28,"3,550",0,"3,578","51,659",> 100%
National,,All,2014-15,19,7.5,7.1,6.9,6.9,22,"3,474",0,"3,496","50,672",> 100%
National,,All,2014-15,20,7.3,6.9,6.6,6.6,14,"3,235",0,"3,249","49,327",> 100%
National,,All,2014-15,21,7.2,6.8,6.8,6.8,18,"3,364",0,"3,382","49,718",> 100%
National,,All,2014-15,22,7.1,6.7,6.5,6.5,10,"3,189",0,"3,199","49,041",> 100%
National,,All,2014-15,23,6.9,6.5,6.5,6.5,11,"3,211",0,"3,222","49,751",> 100%
National,,All,2014-15,24,6.8,6.4,6.4,6.4,6,"3,150",0,"3,156","49,109",> 100%
National,,All,2014-15,25,6.7,6.3,6.5,6.5,4,"3,197",0,"3,201","49,057",> 100%
National,,All,2014-15,26,6.6,6.2,6.3,6.3,6,"3,111",0,"3,117","49,218",> 100%
National,,All,2014-15,27,6.5,6.1,6.3,6.3,7,"3,081",0,"3,088","48,917",> 100%
National,,All,2014-15,28,6.4,6,6.2,6.2,7,"3,030",0,"3,037","49,227",> 100%
National,,All,2014-15,29,6.3,5.9,6.2,6.2,3,"3,003",0,"3,006","48,548",> 100%
National,,All,2014-15,30,6.2,5.8,6,6,4,"2,892",0,"2,896","48,258",> 100%
National,,All,2014-15,31,6.2,5.8,6.1,6.1,4,"2,920",0,"2,924","47,732",> 100%
National,,All,2014-15,32,6.2,5.8,5.9,5.9,8,"2,834",0,"2,842","47,977",> 100%
National,,All,2014-15,33,6.1,5.7,6.1,6.1,6,"2,935",0,"2,941","48,438",> 100%
National,,All,2014-15,34,6.2,5.8,6,6,5,"2,903",0,"2,908","48,496",> 100%
National,,All,2014-15,35,6.2,5.8,6,6,3,"2,938",0,"2,941","48,723",> 100%
National,,All,2014-15,36,6.2,5.8,6,6,3,"2,946",0,"2,949","48,762",> 100%
National,,All,2014-15,37,6.3,5.9,6.2,6.2,6,"3,001",0,"3,007","48,857",> 100%
National,,All,2014-15,38,6.3,5.9,6.2,6.2,8,"3,047",0,"3,055","49,228",> 100%
National,,All,2014-15,39,6.4,6,6.3,6.3,6,"3,057",0,"3,063","48,805",> 100%
National,,All,2013-14,40,6.8,6.4,6.6,6.6,3,"3,140",0,"3,143","47,492",99.8%
National,,All,2013-14,41,6.9,6.5,6.7,6.7,12,"3,135",0,"3,147","47,304",99.4%
National,,All,2013-14,42,7,6.6,6.8,6.8,11,"3,216",0,"3,227","47,602",> 100%
National,,All,2013-14,43,7.1,6.7,6.6,6.6,11,"3,151",0,"3,162","47,746",> 100%
National,,All,2013-14,44,7.2,6.8,6.7,6.7,12,"3,271",0,"3,283","48,777",> 100%
National,,All,2013-14,45,7.3,6.9,7,7,17,"3,429",0,"3,446","48,939",> 100%
National,,All,2013-14,46,7.4,7,6.7,6.7,15,"3,320",0,"3,335","49,409",> 100%
National,,All,2013-14,47,7.5,7.1,7,7,28,"3,430",0,"3,458","49,591",> 100%
National,,All,2013-14,48,7.7,7.3,6.9,6.9,33,"3,385",0,"3,418","49,288",> 100%
National,,All,2013-14,49,7.8,7.4,7.2,7.2,42,"3,594",0,"3,636","50,812",> 100%
National,,All,2013-14,50,7.9,7.5,7.6,7.6,68,"3,856",0,"3,924","51,848",> 100%
National,,All,2013-14,51,8,7.6,7.7,7.7,107,"3,917",0,"4,024","52,548",> 100%
National,,All,2013-14,52,8.1,7.7,8,8,207,"3,942",0,"4,149","51,954",> 100%
National,,All,2013-14,1,8.2,7.8,9.1,9.1,350,"4,490",0,"4,840","53,277",> 100%
National,,All,2013-14,2,8.3,7.9,9.8,9.8,459,"4,987",0,"5,446","55,620",> 100%
National,,All,2013-14,3,8.4,7.9,10,10,474,"5,004",0,"5,478","54,580",> 100%
National,,All,2013-14,4,8.4,8,9.7,9.7,442,"4,783",0,"5,225","54,085",> 100%
National,,All,2013-14,5,8.4,8,9.3,9.3,385,"4,623",0,"5,008","53,955",> 100%
National,,All,2013-14,6,8.5,8.1,9,9,315,"4,475",0,"4,790","53,397",> 100%
National,,All,2013-14,7,8.5,8.1,8.7,8.7,271,"4,385",0,"4,656","53,815",> 100%
National,,All,2013-14,8,8.5,8.1,8,8,209,"3,989",0,"4,198","52,642",> 100%
National,,All,2013-14,9,8.5,8.1,7.8,7.8,161,"3,868",0,"4,029","51,674",> 100%
National,,All,2013-14,10,8.4,8,8,8,125,"4,048",0,"4,173","52,058",> 100%
National,,All,2013-14,11,8.4,8,7.8,7.8,93,"3,941",0,"4,034","51,782",> 100%
National,,All,2013-14,12,8.3,7.9,7.6,7.6,74,"3,833",0,"3,907","51,385",> 100%
National,,All,2013-14,13,8.3,7.9,7.6,7.6,65,"3,795",0,"3,860","50,858",> 100%
National,,All,2013-14,14,8.2,7.8,7.6,7.6,55,"3,808",0,"3,863","50,749",> 100%
National,,All,2013-14,15,8.1,7.7,7.5,7.5,72,"3,717",0,"3,789","50,532",> 100%
National,,All,2013-14,16,8,7.6,7.3,7.3,53,"3,577",0,"3,630","49,736",> 100%
National,,All,2013-14,17,7.9,7.5,7.1,7.1,54,"3,476",0,"3,530","49,747",> 100%
National,,All,2013-14,18,7.7,7.3,7.1,7.1,53,"3,483",0,"3,536","49,590",> 100%
National,,All,2013-14,19,7.6,7.2,7.1,7.1,39,"3,512",0,"3,551","50,321",> 100%
National,,All,2013-14,20,7.5,7.1,6.8,6.8,27,"3,222",0,"3,249","47,931",> 100%
National,,All,2013-14,21,7.4,7,6.7,6.7,24,"3,242",0,"3,266","48,598",> 100%
National,,All,2013-14,22,7.2,6.8,6.6,6.6,15,"3,140",0,"3,155","48,163",> 100%
National,,All,2013-14,23,7.1,6.7,6.8,6.8,20,"3,218",0,"3,238","47,750",> 100%
National,,All,2013-14,24,7,6.6,6.8,6.8,15,"3,214",0,"3,229","47,715",> 100%
National,,All,2013-14,25,6.9,6.5,6.5,6.5,7,"3,070",0,"3,077","47,540",99.9%
National,,All,2013-14,26,6.8,6.4,6.3,6.3,3,"2,989",0,"2,992","47,341",99.5%
National,,All,2013-14,27,6.7,6.3,6.3,6.3,6,"2,989",0,"2,995","47,240",99.3%
National,,All,2013-14,28,6.6,6.2,6.3,6.3,4,"2,982",0,"2,986","47,292",99.4%
National,,All,2013-14,29,6.5,6.1,6.3,6.3,7,"2,939",0,"2,946","47,098",99%
National,,All,2013-14,30,6.5,6.1,6.3,6.3,3,"2,983",0,"2,986","47,122",99%
National,,All,2013-14,31,6.4,6,6.2,6.2,5,"2,919",0,"2,924","46,936",98.6%
National,,All,2013-14,32,6.4,6,6,6,1,"2,826",0,"2,827","46,885",98.5%
National,,All,2013-14,33,6.4,6,6.2,6.2,5,"2,864",0,"2,869","46,646",98%
National,,All,2013-14,34,6.4,6,6.2,6.2,6,"2,867",0,"2,873","46,630",98%
National,,All,2013-14,35,6.4,6,6.1,6.1,5,"2,812",0,"2,817","46,391",97.5%
National,,All,2013-14,36,6.4,6,6.3,6.3,1,"2,959",0,"2,960","47,264",99.3%
National,,All,2013-14,37,6.4,6,6.1,6.1,4,"2,871",0,"2,875","46,777",98.3%
National,,All,2013-14,38,6.5,6.1,6.2,6.2,6,"2,981",0,"2,987","47,911",> 100%
National,,All,2013-14,39,6.6,6.2,6.2,6.2,6,"3,013",0,"3,019","48,369",> 100%
